temperature,pressure,humidity,light,oxidised,reduced,nh3,pm1,pm25,pm10
26.094102075632428,1015.0368404735524,30.069142455009832,0.043478260869565216,2.834746635183898,416.1463738823451,43.684284811155756,6.217391304347826,11.043478260869565,11.565217391304348
26.995515315877384,1015.0371056953676,29.879779317424106,0.0,1.9016428254514963,426.21704239489463,67.70348094299821,6.041666666666667,9.708333333333334,11.625
27.0620278936415,1015.0552522958997,29.791293729225746,0.0,2.1819403958685677,418.3216105944671,84.00305388408081,6.166666666666667,10.166666666666666,11.833333333333334
27.14250265356799,1015.0728036692881,29.738372853643863,0.0,2.4626244904371655,413.48685326547934,97.71583252796991,5.833333333333333,10.166666666666666,11.25
27.148337652133893,1015.0674777908152,29.691415911905228,0.041666666666666664,2.7483860582540345,408.91228070175447,109.41364418350459,5.833333333333333,8.958333333333334,11.041666666666666
27.506465236137398,1015.0842535519623,29.222502854352182,0.0,3.0322164420011917,404.5655930871958,119.7509518645539,6.083333333333333,10.333333333333334,11.958333333333334
27.67083229004812,1015.0710809829956,29.083731023484308,0.0,3.306916581799971,398.900416219556,128.13427579623703,6.5,10.583333333333334,10.583333333333334
27.50987593029242,1015.0745136633208,29.162879215321095,0.0,3.5865897953206063,394.19404567073843,135.65143205247855,5.583333333333333,10.0,10.75
27.35593124705544,1015.0985105222835,29.13143502699515,0.0,3.8616228380583775,386.12739336745227,141.33886059712555,6.0,10.291666666666666,10.916666666666666
27.301764988319018,1015.1157134456568,29.068734213736075,0.0,4.114783561741825,378.579142430506,145.4527712806584,4.666666666666667,8.875,9.083333333333334
27.0882911840164,1015.1349373464336,29.078589671769365,0.0,4.367588337619349,373.2735042735044,149.11049496046803,6.458333333333333,9.958333333333334,9.958333333333334
27.386734944420482,1015.1387721552296,28.75303107627865,0.0,4.632508065444909,371.53192848020444,152.25924401786844,6.25,10.333333333333334,10.583333333333334
27.61782866653732,1015.1590718369494,28.639951040429064,0.0,4.89473584420351,370.30268199233734,155.93112817328344,5.0,8.5,9.833333333333334
27.54308271095518,1015.1565963158649,28.66235738980146,0.0,5.159254933396407,368.7063454574086,158.82742336549856,4.625,8.958333333333334,9.166666666666666
27.56127316674153,1015.1572130257288,28.605009379639906,0.0,5.4337062875724484,367.0089749645728,161.95911560355515,4.833333333333333,8.666666666666666,8.791666666666666
27.570388790192386,1015.1695576152575,28.652512110336158,0.0,5.708077987779125,366.0390489686665,164.59328123924163,5.375,8.541666666666666,9.708333333333334
27.673153417374877,1015.1545547123343,28.612190031307733,0.0,5.977131036545662,364.2435312024354,166.85292469210947,4.875,8.833333333333334,9.541666666666666
27.634488759498893,1015.1637433678355,28.61430784448483,0.0,6.238056649849621,362.45774345774356,168.44430882069733,5.583333333333333,9.458333333333334,10.75
27.72610780527629,1015.1683794462673,28.538177195817727,0.0,6.5037903990784285,359.750649978838,170.05605923821898,5.041666666666667,8.541666666666666,9.0
27.760946020880358,1015.1746622595365,28.470783656391735,0.0,6.766506417136363,357.5438660136649,171.58689809120315,6.041666666666667,10.041666666666666,10.5
27.622720206068266,1015.1787075864768,28.59606441193971,0.0,7.016580889384483,354.5547699060379,171.8919252960646,4.913043478260869,11.043478260869565,11.478260869565217
27.55540438889714,1015.1886048285611,28.74768989214532,0.0,7.279644625657208,352.06033848417957,172.11593023327524,5.083333333333333,8.625,9.208333333333334
27.53954422391095,1015.1944882317431,28.714233234599458,0.0,7.535259935730924,350.4932612989428,173.4235143982689,5.25,8.625,9.583333333333334
27.358694189855285,1015.1856380698632,28.965783407301185,0.0,7.792959027943579,348.3802316248138,173.53058608924263,4.833333333333333,8.375,9.458333333333334
27.5625943426006,1015.185606716272,28.813623170271754,0.0,8.052767603987128,347.1662080036695,174.3173174145045,4.875,8.791666666666666,9.458333333333334
27.583079629459192,1015.1877596922805,28.65821396648077,0.0,8.328703880533967,346.6143790849676,175.21755700111703,4.208333333333333,7.625,8.583333333333334
27.490871169908246,1015.1698146946633,28.816724285905256,0.0,8.59008115469481,346.0697167755994,175.90692617346494,3.7083333333333335,7.291666666666667,7.791666666666667
27.54223926991305,1015.1675429619689,28.796697573928167,0.0,8.85358288646739,343.56989247311844,176.27077126779213,4.083333333333333,7.5,8.125
27.449603720007758,1015.1695460936818,28.79371942376217,0.0,9.099161607953505,341.5323959194928,176.16153591525986,5.333333333333333,8.833333333333334,9.083333333333334
27.395239080694342,1015.169242498157,28.90991559615644,0.0,9.3552927612659,339.827129859388,176.0525733101746,4.791666666666667,7.75,8.416666666666666
27.457647860575975,1015.157176485825,28.83254880982742,0.0,9.625134459797929,339.08409153570443,176.7830188679245,5.375,9.958333333333334,10.625
27.52072833781085,1015.1623251187044,28.85134127094256,0.0,9.905934719860154,337.4046491371334,176.81970649895183,5.083333333333333,9.666666666666666,9.416666666666666
27.412800607612727,1015.1484691166185,28.91417024103146,0.0,10.153664035378458,336.04627912601813,176.70964360587004,4.541666666666667,8.125,9.291666666666666
27.59851721492485,1015.1606628187701,28.657174491947284,0.0,10.418174452645163,336.35668789808943,177.3347283002926,5.541666666666667,8.666666666666666,9.708333333333334
27.592811710182456,1015.172181492827,28.594891811825477,0.0,10.70287856258353,335.8393399446373,177.9620481364307,5.5,8.583333333333334,9.166666666666666
27.524211608708175,1015.1710779908041,28.614761701265525,0.0,10.985120937996431,335.49294174971715,178.72611839863214,4.739130434782608,8.826086956521738,10.695652173913043
27.465171785502378,1015.1643725346518,28.723868755508608,0.0,11.23369007752874,333.978188816495,179.04000619201034,4.458333333333333,8.166666666666666,10.125
27.317122867363498,1015.1512579120578,28.903830820005115,0.0,11.49768960695017,331.73169541333954,178.2205323193917,4.208333333333333,7.708333333333333,8.208333333333334
27.45704099484152,1015.1565786664613,28.770338475956574,0.0,11.751344275104728,330.9169287211741,178.2205323193917,4.708333333333333,8.416666666666666,8.75
27.433473388656935,1015.133949594781,28.811362229013465,0.0,12.013151512754106,329.3039500570549,178.1835656949726,4.875,8.0,8.5
27.364317052067857,1015.1314604506006,28.827702499978454,0.0,12.28644346894812,328.2028985507247,178.2950299441752,4.625,8.291666666666666,8.666666666666666
27.40723677299451,1015.1299108967174,28.702109174704148,0.0,12.527028919341339,327.00724637681174,178.1835656949726,4.916666666666667,7.875,8.5
27.341629228520414,1015.1025017574635,28.75625842662272,0.0,12.769289642572156,326.11665772052265,177.55513307984793,4.958333333333333,8.375,8.208333333333334
27.261672192809538,1015.0751221564714,28.894161959107418,0.0,13.035819993177904,324.8373590982289,177.77693282636255,4.916666666666667,9.083333333333334,10.208333333333334
27.087336462597804,1015.0538065288242,29.06730687158721,0.0,13.26220847642889,324.73895151189856,177.81389945078163,5.916666666666667,9.583333333333334,9.666666666666666
27.44869044027638,1015.0433040807056,28.733365967202932,0.0,13.535868012529773,324.3453211665774,178.14659907055352,5.416666666666667,9.333333333333334,11.375
27.269724621724134,1015.0303481299734,28.93396640116173,0.0,13.782015446420763,324.2469135802471,178.2950299441752,4.791666666666667,8.916666666666666,9.541666666666666
27.197317553450205,1015.0183054285179,28.95004005537398,0.041666666666666664,14.049847950376114,323.85811305511396,178.96550856722683,4.416666666666667,7.208333333333333,7.666666666666667
27.221472246910594,1015.0041821348735,28.87613936859373,0.0,14.31301393286896,322.2057108232979,178.85376213005156,4.75,8.041666666666666,8.291666666666666
27.34839683704224,1014.9913294658267,28.781403520241017,0.0,14.52772089839533,321.2420070826476,178.2583455077288,4.416666666666667,7.875,8.083333333333334
27.226673265129644,1014.9871530363883,28.967752286647976,0.0,14.753860726368037,321.04997755499033,178.07323019766068,4.916666666666667,8.708333333333334,9.125
27.130565535841402,1014.9719409314115,29.02501661756739,0.0,14.967812607992776,320.2818594443614,178.14716344649887,3.8333333333333335,7.333333333333333,7.958333333333333
26.79741901163062,1014.9538214348908,29.343531584085486,0.0,15.213928352409155,319.8017856252182,178.59302044330926,4.416666666666667,7.041666666666667,8.375
26.925336991171264,1014.9495849483845,29.212039307114395,0.0,15.41342133014748,319.13550135501356,177.99873257287712,4.5,7.083333333333333,8.458333333333334
26.76908299617048,1014.9320994827652,29.42884071891398,0.0,15.603707260983242,317.428184281843,177.48119983100977,4.875,8.666666666666666,9.375
26.524321680213802,1014.9372137449736,29.762575175351135,0.0,15.819330448125974,316.7710843373496,177.96176594845804,4.208333333333333,7.791666666666667,8.375
26.425742905064194,1014.9319635525908,29.957190814094805,0.0,16.00474123156978,313.5103768366881,177.55513307984793,4.333333333333333,7.583333333333333,8.708333333333334
26.533043446419597,1014.9186115773156,29.74175922003594,0.0,16.176984889840735,310.9454483537856,176.23628421275794,4.208333333333333,5.75,5.708333333333333
26.857502235851126,1014.8952252368878,29.429404701264502,0.0,16.41739700206869,310.0349419504187,177.22327044025164,4.083333333333333,6.666666666666667,6.916666666666667
26.529186297523694,1014.8985571785198,29.721869897295125,0.0,16.598770835068944,307.8737872740018,176.56399646916034,5.5,8.125,8.791666666666666
26.533880719552332,1014.8769815843989,29.73405690391009,0.0,16.76668230841717,307.8716788490546,176.4166942513517,4.25,8.041666666666666,9.583333333333334
26.276525177529617,1014.8766284180457,29.970521731456785,0.0,16.93179842396029,307.06764125768666,176.05257640957743,3.7083333333333335,7.083333333333333,7.791666666666667
26.028351854773675,1014.8849638288939,30.290143528115067,0.0,17.108555037512776,306.88896623738265,175.8343753525571,4.791666666666667,8.541666666666666,9.708333333333334
26.727687824268923,1014.8789882733463,29.616929968662987,0.0,17.267934998018234,306.3529411764707,175.21755700111703,4.916666666666667,8.083333333333334,8.958333333333334
26.301896161646223,1014.9011601620023,29.909998578415905,0.041666666666666664,17.439018018761207,306.88896623738265,175.07300085419544,5.0,7.416666666666667,7.958333333333333
26.377209483926578,1014.9023163120155,29.889729032360915,0.0,17.607207298063127,308.40770390996653,175.65204368422292,4.458333333333333,9.041666666666666,9.791666666666666
26.509100951124527,1014.9045768390856,29.707625772999638,0.0,17.77251681163736,308.3183663998145,175.61535915259847,4.041666666666667,7.291666666666667,8.0
26.13031129285298,1014.9082296320615,30.18166699551163,0.0,17.91635573286607,308.3183663998145,175.21755700111703,4.666666666666667,6.583333333333333,6.583333333333333
25.943740222835373,1014.9038966800472,30.3611110359334,0.0,18.083009349254837,308.05035386935856,175.10913989092583,3.9583333333333335,6.583333333333333,7.75
26.17572630883898,1014.9140859014891,30.21653557416539,0.0,18.26163933509153,307.51432880844663,175.3985249322161,4.833333333333333,7.666666666666667,7.666666666666667
26.018577209056087,1014.9161726258873,30.37661417632982,0.0,18.384935598953767,305.20513702557054,175.25369603784745,4.708333333333333,7.791666666666667,7.708333333333333
26.009302130729456,1014.9182541125064,30.399872485870134,0.0,18.56880199117815,302.5879188057852,175.87105988418156,5.083333333333333,8.125,8.708333333333334
26.01313010130305,1014.9111998671739,30.426238121173995,0.041666666666666664,18.681769147788568,298.2023239847568,174.64175966216624,4.041666666666667,7.333333333333333,8.625
25.846621044136914,1014.9023265559232,30.561940259932516,0.0,18.81783828207639,296.76534228069016,174.1746370967379,4.166666666666667,7.625,7.625
25.796341781442976,1014.8940576565248,30.63180274152585,0.0,18.946797727564213,295.5833333333334,173.42377812164568,4.208333333333333,8.125,8.416666666666666
25.70503330792484,1014.8915111147322,30.665635226347444,0.0,19.076200944713467,295.33429118773944,173.67273298932847,4.958333333333333,7.083333333333333,8.0
25.617259397371342,1014.8907144443689,30.78702905978534,0.0,19.175475571444327,294.33804143126184,172.78556463038478,4.791666666666667,9.041666666666666,9.458333333333334
25.733101308420675,1014.9083135845672,30.84771725238311,0.0,19.321004453467726,294.25470809792847,172.43216946660218,3.7916666666666665,7.208333333333333,7.875
26.032825067267726,1014.8957022793084,30.442529398159888,0.0,19.447846417228664,294.0056497175142,172.2209153640114,3.4583333333333335,7.25,8.208333333333334
25.560120978374712,1014.9023987624221,30.892294554774267,0.043478260869565216,19.61111155873681,295.91504247876065,173.0716844811734,4.391304347826087,8.73913043478261,9.173913043478262
25.670949084716625,1014.900623818104,30.805416854975377,0.0,19.753263124429942,296.0862068965518,173.35257280991436,3.4166666666666665,7.416666666666667,8.541666666666666
25.4776841139074,1014.898629051333,31.035298870355405,0.0,19.84654585012622,296.2547892720307,172.5017982769667,3.5,5.791666666666667,7.166666666666667
25.37048992494844,1014.8913406472439,31.150196267029447,0.0,19.97905344719977,296.84291187739467,172.64342064974596,4.208333333333333,6.791666666666667,7.916666666666667
25.61577382044538,1014.8889289379989,30.82213322179238,0.0,20.143425678007073,298.0229885057472,173.6371303334628,4.708333333333333,7.708333333333333,8.625
25.349654134642453,1014.8871067680602,31.103395128123157,0.0,20.253378562499094,298.61984807211047,173.95835429593606,4.416666666666667,8.333333333333334,9.208333333333334
24.940651049173834,1014.8858844514871,31.56114921179032,0.0,20.418916741966637,298.9609106814609,174.53226377475917,3.875,7.666666666666667,8.833333333333334
24.99190472360307,1014.8759011269473,31.553418734480875,0.0,20.533636166991133,298.8756450291233,174.49639443233275,4.416666666666667,7.875,9.125
24.96598137402424,1014.8646674268557,31.549968833903915,0.0,20.668597651014338,298.7903793767857,174.53226377475923,4.75,7.208333333333333,7.291666666666667
24.973040886953726,1014.8584905789239,31.586978380492294,0.0,20.752183468269966,298.8756450291233,174.13770100806832,4.416666666666667,6.833333333333333,6.958333333333333
24.946304019597743,1014.8600295623381,31.597322135096743,0.0,20.891883898244405,298.1082541580848,174.20943969292117,4.833333333333333,8.041666666666666,8.833333333333334
24.82934303474086,1014.8647016763148,31.81157184180702,0.0,20.984018464612188,297.8544061302683,173.6376637065844,4.458333333333333,7.375,7.333333333333333
24.855129143940804,1014.8536600865709,32.00134894293042,0.0,21.09637046307885,297.4329501915709,173.88928247669114,4.583333333333333,8.166666666666666,8.666666666666666
24.550390402582497,1014.8685671606518,32.345136776099025,0.0,21.132599960476913,295.8333333333334,172.36018174308143,4.083333333333333,7.791666666666667,8.833333333333334
24.597948466013293,1014.8784975275267,32.37125389932135,0.0,21.27775036371111,296.3371647509579,173.1389568747205,4.625,7.333333333333333,7.791666666666667
24.576390177771128,1014.8994256703163,32.358726957072456,0.0,21.358614486064784,296.08429118773955,172.67823213548124,3.9583333333333335,7.041666666666667,7.666666666666667
24.37401911593069,1014.8988386649966,32.64602451846512,0.0,21.4761955408057,296.08429118773955,172.89026573041448,3.8333333333333335,6.791666666666667,6.875
24.373995132882143,1014.9097955814035,32.66331353731257,0.0,21.618551494341233,296.25287356321843,173.49471971000023,5.083333333333333,8.416666666666666,8.875
24.286562855889503,1014.9046019521414,32.662660530457394,0.0,21.691957405072163,297.26436781609203,173.2811037748063,4.458333333333333,8.041666666666666,8.583333333333334
24.263724583215936,1014.9070741660107,32.648623724080046,0.0,21.810553916748606,297.0957854406131,173.06801528636592,4.583333333333333,8.958333333333334,9.5
24.320773005665284,1014.8969151930274,32.59229060949385,0.0,21.91307270079534,297.01149425287366,173.35230908653762,4.666666666666667,8.208333333333334,8.916666666666666
24.236790255902392,1014.8832342701656,32.64790576051667,0.0,21.99939035151049,297.0957854406131,173.13869315134366,4.166666666666667,7.791666666666667,9.125
24.23790330176062,1014.8704968490971,32.713605957587994,0.0,22.094152035496535,296.3371647509579,172.7135710679701,3.7916666666666665,7.333333333333333,8.291666666666666
24.555886749449908,1014.887478296018,32.38169145175842,0.0,22.218115011921736,296.00000000000006,173.0321489071235,4.208333333333333,7.041666666666667,7.208333333333333
24.228978103556297,1014.8554727671195,32.76482760972625,0.0,22.27191867852605,296.00000000000006,172.64289320299235,4.541666666666667,8.166666666666666,8.625
24.54902733309446,1014.8708927900584,32.48377515282997,0.0,22.367351997525528,295.3333333333333,172.00887597311726,4.208333333333333,8.333333333333334,8.708333333333334
24.688705680277902,1014.8719106314271,32.19027975317737,0.0,22.3881406568235,294.5833333333333,171.34135119128973,3.75,7.125,7.75
24.86016317524295,1014.8593361750551,32.15181029207851,0.0,22.525564145367714,294.75,171.868563458881,3.0416666666666665,6.958333333333333,7.291666666666667
24.529083875096816,1014.8637418900256,32.6507825795189,0.08333333333333333,22.579790792434476,294.0833333333333,171.27196871641922,4.166666666666667,6.5,6.416666666666667
24.42667663182874,1014.8475342744342,32.8816495713367,0.0,22.66342369587071,293.8361581920904,170.78422797299876,3.9583333333333335,6.875,6.875
24.202201456652563,1014.827640311194,33.21790281995974,0.0,22.696936740157778,293.0112994350284,170.22888757168116,4.291666666666667,7.291666666666667,7.25
24.41599781034819,1014.8336590415892,33.04608612788826,0.0,22.75561130110326,292.51694915254257,169.8832336977464,3.5833333333333335,6.375,7.458333333333333
24.398025045796487,1014.8272324672021,33.174054968817394,0.0,22.93227979532757,294.16760828625235,171.87063267338257,3.625,6.458333333333333,6.833333333333333
24.442306295808446,1014.8287907504604,33.06775442542504,0.0,23.063065731871898,294.1666666666667,172.2541649456148,3.6666666666666665,7.291666666666667,9.208333333333334
24.316625475668843,1014.8150450258921,33.31042406043313,0.0,23.16890791151181,294.25,172.89026573041448,4.166666666666667,7.083333333333333,7.708333333333333
24.269541032937173,1014.8202604059001,33.308715023673756,0.0,23.24531215019647,295.0833333333333,172.81958786543672,4.625,7.291666666666667,8.291666666666666
24.625798873087565,1014.8470461254661,32.773702758289076,0.0,23.343153762342325,295.0,173.17587814747003,4.708333333333333,8.375,9.416666666666666
24.719429249423502,1014.8627251465882,32.733822600835175,0.0,23.44119277241991,294.3361581920904,172.99970217343832,3.9583333333333335,7.875,8.083333333333334
24.508916401817604,1014.8754889858192,33.114948698173066,0.0,23.462531870080927,293.91760828625235,172.43112041198899,4.375,7.916666666666667,9.541666666666666
24.72910547606811,1014.9044721024808,32.734602627410254,0.0,23.586563307493538,293.83521657250475,172.74891000045898,3.625,6.25,6.583333333333333
24.566976312781957,1014.9074390299975,33.00979948422453,0.0,23.62088265346486,293.7528248587571,172.46645934447784,4.208333333333333,7.375,7.583333333333333
24.63258879540025,1014.9094092871924,32.95744298705808,0.0,23.74113372969857,294.0,172.9609435953922,4.333333333333333,6.875,7.958333333333333
24.62728389191076,1014.914207030603,32.882877472495494,0.0,23.866053327777895,294.5,173.70860233175492,4.25,7.166666666666667,7.333333333333333
24.819071716369326,1014.9152832909953,32.6046631910968,0.0,23.97405966277562,295.1666666666667,174.06622900977618,4.208333333333333,8.333333333333334,8.875
24.65766156891839,1014.9150225548474,32.74449540135172,0.0,24.06501950585176,294.8333333333333,174.3173144067613,4.458333333333333,7.583333333333333,8.166666666666666
24.339802814905365,1014.8966945328101,33.1235251923252,0.0,24.104031209362812,294.0833333333333,173.74393830105979,4.166666666666667,7.583333333333333,8.541666666666666
24.544067377062078,1014.9138002250324,32.91840642853783,0.0,24.151836349515964,294.0,173.3523090865376,4.041666666666667,6.416666666666667,6.791666666666667
24.56415637250001,1014.9128945067583,32.98417123219172,0.0,24.221405095610606,293.7537664783428,173.49471971000017,3.375,6.125,6.5
24.508778186610936,1014.921515148873,33.14484737237917,0.041666666666666664,24.391542784780828,294.25,174.46052508990633,4.041666666666667,7.041666666666667,8.041666666666666
24.312984419268588,1014.9073525153559,33.49487694361138,0.0,24.391542784780825,293.58804143126184,173.42377812164565,4.208333333333333,6.875,7.708333333333333
24.36712189013508,1014.9050172330684,33.45433579208916,0.0,24.47469524508382,293.91760828625235,173.77954095692544,4.458333333333333,7.75,7.75
24.36325580722351,1014.89684787169,33.392072115672406,0.0,24.531658853186414,294.0,173.60152767759715,3.9166666666666665,6.875,7.0
24.380686106189444,1014.8813388984171,33.405004736536206,0.0,24.615097697019475,293.67043314500944,173.6371303334628,3.25,6.5,6.375
24.414735256815266,1014.8703347335398,33.441499577632534,0.0,24.6370783098772,293.67043314500944,173.24550111894064,3.5416666666666665,6.583333333333333,6.958333333333333
24.366235004536605,1014.8565102585908,33.47704323724383,0.0,24.7119298077077,293.09369114877603,173.3887029125336,4.791666666666667,8.375,9.125
24.32451144782583,1014.8480342802053,33.553055051430285,0.0,24.66789951486623,292.0253761188347,171.72773221329905,3.8333333333333335,7.041666666666667,7.541666666666667
24.541392285004406,1014.8414337177372,33.272938342620456,0.0,24.857657774875577,293.17608286252363,173.46097200732405,3.2916666666666665,7.708333333333333,8.25
24.479566441238024,1014.8187833862913,33.24413227232245,0.0,24.97718837171773,293.34086629001894,173.78034101660782,3.75,6.291666666666667,7.166666666666667
24.53163288005905,1014.8183177724253,33.26702096201998,0.0,24.95503413670912,292.18738229755195,172.82064275894388,4.291666666666667,8.541666666666666,9.25
24.26149809708259,1014.8071854323138,33.71635259721747,0.0,25.043755907508586,292.18830804714463,172.74891000045898,4.5,7.583333333333333,9.958333333333334
24.227186233620003,1014.8132801249167,33.778379908953205,0.0,25.106025934401217,291.53380308512686,172.96173476552258,3.7916666666666665,6.166666666666667,6.541666666666667
24.446935613356057,1014.8065697067008,33.503237156003955,0.0,25.2575682255618,291.12647326435194,173.6371303334628,3.25,6.625,6.75
24.377847056219206,1014.7972305400708,33.50470280127511,0.0,25.235261876537546,289.9868600004186,172.3955206755703,3.7916666666666665,6.833333333333333,7.333333333333333
24.181624636828108,1014.7950594017753,33.55569920143845,0.0,25.30674827380683,290.14888169449216,172.78477346025443,3.7916666666666665,6.166666666666667,6.208333333333333
24.100548073705067,1014.78664352868,33.66573694382598,0.0,25.284394777941827,290.14888169449216,171.69213247688037,4.083333333333333,7.958333333333333,8.625
24.37658406803531,1014.773384793964,33.386770092099596,0.0,25.459057031492083,291.12647326435194,172.89026573041443,4.666666666666667,8.208333333333334,8.25
24.513204712899867,1014.7681896747673,33.17771053622793,0.0,25.53544272749571,290.4747455511121,173.103090495478,4.75,7.375,8.208333333333334
24.32989249121127,1014.7424994476083,33.34201430274782,0.0,25.589403973509935,290.4747455511121,173.24550111894064,4.125,7.541666666666667,7.875
24.217206477230576,1014.7220433316264,33.426699649680394,0.0,25.602930068333126,290.39327958695714,172.81958786543672,3.8333333333333335,8.416666666666666,8.833333333333334
24.194637858582002,1014.7164945977371,33.40623103826437,0.0,25.697612732095493,290.800609407732,173.3879117424032,4.0,6.916666666666667,7.541666666666667
24.165691245717074,1014.7336294380902,33.480363431882985,0.0,25.765422835624786,290.23034765864713,172.89026573041448,3.4166666666666665,6.25,7.333333333333333
23.942876217894153,1014.756846631021,33.604053545697916,0.0,25.806108897742362,290.23034765864713,173.06748783961234,3.25,5.791666666666667,5.958333333333333
23.994159910191858,1014.7808531045981,33.607068180869305,0.0,25.878632043928306,290.14888169449216,172.74891000045898,5.291666666666667,8.666666666666666,8.916666666666666
23.882833794083453,1014.7984687709696,33.66246207202866,0.0,25.91489361702128,290.0674157303372,172.43112041198899,3.4583333333333335,6.5,6.416666666666667
23.922737028411017,1014.8103120852256,33.61496803745144,0.041666666666666664,25.97852036528128,289.9868600004186,172.11359162744876,4.041666666666667,6.5,7.916666666666667
23.89111127809954,1014.8188971705282,33.65608515892824,0.0,26.06498002663115,289.98868046889135,172.4326939939087,4.666666666666667,7.625,8.0
23.789104048856647,1014.8154835845381,33.707220173422336,0.041666666666666664,26.133333333333336,290.0674157303372,172.9261321096569,3.9583333333333335,6.416666666666667,7.875
23.718207456317554,1014.801701336993,33.79221302281048,0.0,26.179023883696782,288.9485423035181,172.43347348625116,3.4166666666666665,6.125,6.833333333333333
23.637197949337036,1014.7844375862319,33.914785004354265,0.0,26.28882780526541,283.86915513815256,172.57404680441724,4.0,8.041666666666666,8.583333333333334
23.567987809673422,1014.792040511023,34.05871493461206,0.0,26.33919736118747,285.5131982811541,172.60755427050353,4.0,6.875,6.833333333333333
23.690664326959293,1014.7828169735172,33.90979451800484,0.0,26.421844239703915,276.77346212469126,172.36096127835694,3.9166666666666665,6.375,6.833333333333333
23.76801784821184,1014.7848120580657,33.81684116160732,0.0,26.490821193621674,273.7249814104642,172.11359162744876,3.7083333333333335,6.75,7.375
23.78653636520727,1014.7870175832767,33.80519303512033,0.0,26.573726541554965,277.80482165194667,172.7135710679701,3.75,6.916666666666667,7.958333333333333
23.959508829059985,1014.7706106157589,33.55315228042661,0.0,26.619908715235923,279.62108972836,172.9609435953922,4.5,7.791666666666667,8.541666666666666
23.824165936188965,1014.7692030590014,33.74333795304984,0.0,26.675327323653068,280.1555062107451,172.81958786543672,4.0,7.208333333333333,7.5
23.653062702975266,1014.7711445565707,33.91438666630626,0.0,26.689194390320182,281.15146420064457,172.46619854054802,3.7916666666666665,7.375,8.458333333333334
23.77820331403792,1014.756372461069,33.694500601375445,0.0,26.777176397007537,281.8458844539816,172.81958786543672,4.083333333333333,6.75,8.333333333333334
23.800336233647727,1014.7461568113707,33.64434578664994,0.0,26.828213065758877,283.24153717650694,172.961207318769,4.708333333333333,7.291666666666667,7.958333333333333
23.772287151762743,1014.7310415116845,33.737404870380935,0.0,26.88857337221292,283.1627709307268,172.96120731876897,4.25,7.25,7.833333333333333
23.893042988019072,1014.7259555138116,33.53640156209253,0.0,26.930411302132267,283.1627709307268,172.99680997463463,3.5,6.583333333333333,7.291666666666667
23.885247763795974,1014.7123177380851,33.565336618857394,0.0,27.004901089413142,283.3965150871229,172.74891000045898,4.291666666666667,7.5,7.875
23.78445384512571,1014.6910296412707,33.679150983034354,0.0,26.976967419182813,283.1627709307268,172.04421778212006,4.0,6.333333333333333,6.333333333333333
23.77629852460053,1014.6779305292348,33.6571581108436,0.0,27.042208811821524,283.0848562119281,172.2900254859633,3.6666666666666665,6.583333333333333,6.75
23.885586752453566,1014.6550972788087,33.54396078876259,0.0,27.107563296242546,284.1756622751099,172.2895038781037,3.6666666666666665,7.041666666666667,7.458333333333333
23.774665404469488,1014.667249650918,33.46623748785547,0.0,27.130904183535765,284.2535769939086,171.93767937679385,3.625,6.875,7.416666666666667
23.67832111614595,1014.65641517944,33.5192202313745,0.0,27.140265771844724,284.0977475563112,171.62197621976225,3.3333333333333335,6.0,6.0
23.782289993598425,1014.6605264225667,33.317497698147655,0.0,27.266710553584716,284.80417434008604,172.46619854054805,3.4583333333333335,7.125,7.125
23.72439207672836,1014.6599577637322,33.3649169978578,0.0,27.318338636335938,285.04051565377534,172.50153747303693,4.125,7.0,8.166666666666666
23.53812800264535,1014.6583219357599,33.480196649202526,0.0,27.271404015653008,284.41027215060376,171.0978677107033,4.458333333333333,6.375,6.416666666666667
23.700398942540364,1014.6553323608076,33.202168875270424,0.0,27.43118523652535,285.9858809085328,172.32640763417137,3.7916666666666665,5.666666666666667,5.666666666666667
23.828797507522683,1014.6610716616178,33.056091280135306,0.0,27.46883468834689,285.74953959484344,172.29054709382294,4.333333333333333,7.208333333333333,7.583333333333333
23.78693827482782,1014.6686658160393,33.10325656191123,0.0,27.48299154633338,286.1434417843257,172.21882601312595,3.0833333333333335,6.291666666666667,6.25
23.71794189178139,1014.6653596100177,33.1357465614071,0.0,27.553775836265828,285.9858809085328,172.11333082351894,3.9166666666666665,7.291666666666667,7.958333333333333
23.401389346468402,1014.6698503619572,33.43723234164161,0.0,27.61521198356046,286.06466134642926,172.36018174308143,3.75,6.083333333333333,6.958333333333333
23.44877118286199,1014.6658793102359,33.331681962220046,0.0,27.686188622106865,286.2222222222222,172.431120411989,2.9583333333333335,6.375,6.375
23.74989642452096,1014.6601160657492,32.99276167315657,0.0,27.69565217391305,286.22310245057855,172.14814814814824,3.6666666666666665,6.25,6.541666666666667
23.60000372403432,1014.6693927310025,33.17621422383184,0.0,27.75258799171843,285.8283200327399,172.14997377565683,4.083333333333333,7.125,7.75
23.69979064445482,1014.6773027947769,33.045639845043425,0.0,27.781055900621123,285.4344178432576,171.5518199626441,3.9166666666666665,6.791666666666667,8.333333333333334
23.60586185411363,1014.6811566502778,33.12362801902413,0.0,27.795289855072465,284.9617352158789,170.78397004558283,3.75,6.875,7.25
23.6248101190956,1014.6803782691728,33.08773042154323,0.0,27.80952380952381,284.3314917127073,170.81879024672605,4.041666666666667,6.833333333333333,6.958333333333333
23.775269632997595,1014.6755291813362,32.87233024461353,0.0,27.89991782362355,285.8283200327399,171.1321720570147,4.083333333333333,6.416666666666667,7.041666666666667
24.073810696411567,1014.63736274774,32.49280911244739,0.0,27.95709964772197,286.06466134642926,171.5518199626441,3.4166666666666665,6.291666666666667,6.5
23.822893472745534,1014.6504867977911,32.786158752980064,0.0,27.95709964772197,284.9617352158789,171.27171078900332,3.6666666666666665,6.458333333333333,6.833333333333333
23.628854809971106,1014.6563693999518,32.95828597499857,0.0,28.038199181446114,285.59197871905053,171.30627306273064,4.208333333333333,6.166666666666667,6.708333333333333
23.63003630924707,1014.6537246989045,32.933210845325426,0.0,28.038199181446114,285.04051565377534,170.99289125244195,4.041666666666667,6.791666666666667,6.875
23.540472847924274,1014.6568592198937,33.03436880050392,0.0,28.071684347331253,285.2768569674647,170.78397004558283,3.7916666666666665,7.041666666666667,7.916666666666667
23.64850839929977,1014.6541211922372,32.90739448063011,0.0,28.15300546448088,285.670759156947,170.7143296432965,3.4583333333333335,6.75,6.708333333333333
23.280157067800047,1014.6698807362401,33.459747437999326,0.0,28.177001966982505,284.96173521587895,170.36867856235128,3.9583333333333335,7.458333333333333,8.625
23.57842407842932,1014.6640455314063,33.11071504251771,0.0,28.224955708551054,284.5678330263966,170.78397004558283,4.208333333333333,6.916666666666667,7.791666666666667
23.45784901435375,1014.6553132221024,33.18618727904245,0.0,28.25853248911714,284.96173521587895,171.02771145358517,3.2916666666666665,5.541666666666667,6.625
23.67833793826129,1014.6547751984848,32.94640188104621,0.0,28.325843749414393,285.59197871905053,171.27171078900335,3.9583333333333335,6.833333333333333,7.041666666666667
23.57973203963409,1014.6523582177001,33.02933249212555,0.0,28.383561643835623,285.59197871905053,171.37668724726464,3.4166666666666665,6.458333333333333,6.458333333333333
23.341249573796137,1014.6629165015835,33.31136113679083,0.0,28.37394199476542,284.6466134642931,170.9232508501556,3.5,6.541666666666667,6.958333333333333
23.426547254890934,1014.6567998232873,33.135773207273104,0.0,28.383561643835623,284.4890525885002,170.36714800405926,3.75,6.291666666666667,6.25
23.26084843388203,1014.6604698680276,33.52146371367945,0.0,28.383561643835623,284.3314917127073,170.4014580191051,3.4583333333333335,6.0,6.125
23.120536356235245,1014.6676169923991,33.79226880762031,0.041666666666666664,28.39803070447414,284.0198328375125,169.60721743310842,3.3333333333333335,6.375,6.916666666666667
22.862829402626687,1014.6588404199474,34.13839285690553,0.0,28.417322785325496,284.3314917127073,169.6074697331675,3.5,5.958333333333333,6.958333333333333
22.965523467488286,1014.6581965116411,34.1568289906788,0.0,28.508986669480503,284.3314917127073,170.0903720462544,3.0416666666666665,5.916666666666667,5.916666666666667
22.798920420229635,1014.6455191161234,34.39943756411097,0.041666666666666664,28.499314128943762,284.3314917127073,169.64127794108475,3.5416666666666665,5.958333333333333,5.916666666666667
22.59801646192494,1014.6483845471633,34.57412474836048,0.0,28.595198443829695,284.8247257586677,169.82162860505875,3.9130434782608696,7.173913043478261,7.217391304347826
22.594906769401707,1014.6533317059639,34.56093377061541,0.0,28.615384615384624,284.41027215060376,169.60721743310842,3.5416666666666665,7.125,7.0
22.65508729895602,1014.6629734469361,34.41271965032179,0.0,28.615384615384624,284.3314917127073,169.05770790442332,3.625,6.083333333333333,6.375
22.71978803199171,1014.6595406770463,34.30008674966454,0.0,28.649331640390795,284.3314917127073,169.50377440888394,3.8333333333333335,7.166666666666667,7.375
22.74343969500107,1014.6513297206574,34.337005245859736,0.0,28.726924840404894,284.3314917127073,169.43565339293124,3.875,7.375,8.166666666666666
22.9653476815225,1014.6719467815661,34.038083324529936,0.0,28.736637350117405,284.3314917127073,169.91754650578181,3.7083333333333335,6.708333333333333,8.208333333333334
22.773252206394563,1014.6788815919317,34.14500354762027,0.0,28.785266697233684,285.11929609167186,170.33232780291607,3.75,6.416666666666667,6.666666666666667
22.657673528595307,1014.6811917671598,34.300979097588844,0.0,28.85336119818879,285.5131982811541,170.47058823529414,3.4583333333333335,7.375,7.666666666666667
22.567741021528207,1014.6752630217674,34.4942702058876,0.0,28.88749564611634,284.6466134642931,170.4014580191051,3.7916666666666665,7.791666666666667,8.041666666666666
22.572890280283957,1014.6873929897238,34.49699309839806,0.0,28.96064089167538,284.3314917127073,169.8829813976873,2.875,5.5,5.541666666666667
22.656526357275254,1014.6860473294755,34.4520295758461,0.0,28.965517241379313,284.3314917127073,169.8829813976873,3.25,6.125,6.25
23.02526518908057,1014.6974637225852,34.04682325519087,0.0,29.014415444211597,284.3314917127073,169.98667672197087,3.625,6.083333333333333,7.083333333333333
23.106531861307058,1014.6972656840053,33.85144657108796,0.0,29.053534006477424,284.3314917127073,169.98667672197087,3.1666666666666665,5.75,6.708333333333333
23.041737335622738,1014.6833820875113,33.91675091195753,0.0,29.092679621690877,284.3314917127073,170.0558069381599,3.0833333333333335,6.25,6.5
22.87650756635753,1014.6981225281093,34.066202822452205,0.0,29.092679621690877,283.9419181187138,169.50377440888394,2.6666666666666665,4.916666666666667,5.291666666666667
22.885442083683817,1014.6967393632336,34.11733994778327,0.0,29.092679621690877,284.09774755631116,169.33221036870677,2.75,5.208333333333333,5.5
23.01073391532457,1014.6898800926771,33.888296790035504,0.041666666666666664,29.19564990358875,284.3314917127073,169.74472096530923,3.2916666666666665,6.791666666666667,7.375
22.90675578456013,1014.681710827027,34.039286974583916,0.0,29.210387109215862,284.3314917127073,169.67559074912018,3.875,6.375,7.041666666666667
22.98158839595605,1014.6844162685387,33.885678888059864,0.0,29.28905798017647,284.6466134642931,169.8484162895928,3.375,5.625,6.166666666666667
23.421803849927482,1014.6886437158159,33.21489571211878,0.0,29.3185595567867,284.1756622751099,169.09202071245875,3.8333333333333335,6.958333333333333,7.041666666666667
23.350448785346487,1014.6950885462426,33.27550933147133,0.0,29.328420694044766,282.77319733673335,169.29789756067134,3.2083333333333335,5.541666666666667,6.041666666666667
23.0986526640062,1014.7014318344328,33.5324745365331,0.0,29.392545478270137,283.7860886811164,169.78105217381736,3.5416666666666665,6.208333333333333,7.5
22.974486567560948,1014.6977475389203,33.66001352358435,0.041666666666666664,29.436893203883496,283.7860886811164,169.7104081572738,3.6666666666666665,6.625,7.291666666666667
22.805879417369198,1014.6985225187212,33.88064912875947,0.0,29.436893203883496,284.09774755631116,169.64102564102566,3.7916666666666665,7.333333333333333,7.916666666666667
22.686949503479337,1014.6968159025377,34.3146597523154,0.0,29.441837468536495,279.0237141577129,168.95476948031703,3.5833333333333335,6.041666666666667,6.666666666666667
22.640747392589503,1014.7165244312091,34.48654083561047,0.0,29.43196263525446,277.7269878574229,168.2384428223845,3.375,6.166666666666667,6.916666666666667
22.50480616494171,1014.7300338408321,34.63875771412085,0.0,29.55061129090255,279.3924130830762,168.6472019464721,3.4166666666666665,6.166666666666667,6.458333333333333
22.693036309689592,1014.7296207374562,34.4685465474577,0.0,29.580345644671088,280.4595707610676,169.26358475263592,3.0833333333333335,5.458333333333333,5.833333333333333
22.81347646413924,1014.7295816670121,34.29283127650326,0.0,29.590261680317308,280.3071196642117,168.81751824817528,3.375,5.833333333333333,6.541666666666667
22.66522800056832,1014.7138040714366,34.512080480715184,0.0,29.664631947663935,280.61202185792354,169.40083598477764,3.875,6.541666666666667,7.958333333333333
22.568904008176233,1014.7165556725281,34.657744739829354,0.0,29.674547983310152,280.9202746251927,169.0582069998129,3.9583333333333335,6.875,7.416666666666667
22.440771786073636,1014.7086546132876,34.84337701397751,0.0,29.714322610971852,277.51218760325514,168.78345498783463,3.6666666666666665,7.875,7.875
22.48126068848337,1014.698508024734,34.73049944781469,0.0,29.75409723863356,276.376247214957,168.57907542579085,3.6666666666666665,6.791666666666667,7.333333333333333
22.54908891075633,1014.7128278705928,34.693139518763545,0.0,29.853700228824056,277.57699564922586,169.43514879281307,3.7916666666666665,5.833333333333333,7.25
22.631839456634555,1014.7157741034198,34.398788299429384,0.0,29.90854289447546,278.3301997649826,169.53859181703754,3.125,5.833333333333333,6.25
22.684759205507333,1014.7070879049221,34.29214264139647,0.0,29.84372883506926,278.48100274187254,168.95501902801183,2.7916666666666665,5.75,5.75
22.860531754949545,1014.7017701442054,34.13489293636817,0.0,29.91352859135286,278.63180571876245,169.50377440888394,2.7083333333333335,6.5,7.583333333333333
22.72773850854993,1014.6933194858757,34.35252917968314,0.0,29.90355719759806,262.56195014329705,167.80274936906923,3.375,6.166666666666667,6.208333333333333
22.670113145393675,1014.6949856351818,34.446335892098354,0.0,29.92352783816284,237.2338707276472,164.65758146171243,3.2083333333333335,5.625,5.916666666666667
22.476335361767394,1014.7043899734068,34.63919211934127,0.0,29.93852670837781,244.13792042265368,164.98708130269983,3.0,7.041666666666667,7.916666666666667
22.342078373909477,1014.7184585525387,34.77716639597464,0.0,29.998522189237693,249.0311878665697,165.45036658844973,3.75,6.666666666666667,7.666666666666667
22.31876233162303,1014.7153957776858,34.761359197187936,0.0,30.103710070190516,253.16536405372915,166.78553863862294,3.25,5.5,6.208333333333333
22.432153253747213,1014.7027203179465,34.61158682893445,0.0,30.123764503652776,257.0247464511425,167.32367149758457,3.5,6.333333333333333,6.666666666666667
22.57951267178737,1014.6721182290936,34.46513784667108,0.0,30.158873805932632,258.829804656611,167.45893719806767,4.0,6.375,6.25
22.932151292184,1014.6780951596855,33.90130236570899,0.0,30.204122674710916,261.8734690851766,167.56038647343,3.4583333333333335,5.875,5.916666666666667
22.901508444264874,1014.6797039708504,33.97831018547553,0.0,30.21920563097034,262.2176495658014,167.12126127068836,4.083333333333333,7.125,7.208333333333333
22.80572141857206,1014.6706210010188,34.01627104517444,0.0,30.25439919557566,264.07213749859056,167.79734561118963,4.208333333333333,7.0,7.75
23.041028655341933,1014.6946963706351,33.644914002191875,0.0,30.269482151835092,264.97621410507986,167.25725945691417,3.6666666666666665,6.291666666666667,7.375
23.05956827012368,1014.7023149174773,33.54924628164508,0.0,30.274509803921564,267.5032607697254,167.15532185772338,4.041666666666667,6.708333333333333,6.791666666666667
22.611688400410646,1014.6848947156723,34.12564820950413,0.0,30.35517788227961,267.93136224311024,168.0009873408795,3.7916666666666665,7.208333333333333,7.166666666666667
22.828489583571734,1014.6942558259179,33.92130247779897,0.0,30.400567838588866,270.07115700994035,168.7153284671534,3.2083333333333335,5.708333333333333,5.666666666666667
22.773429937134097,1014.6773936650656,33.90172751373376,0.0,30.446071092760974,270.00196314268743,168.78520182169822,3.1666666666666665,5.416666666666667,5.916666666666667
22.643683028005928,1014.676105903401,34.01953173802838,0.0,30.456182927021445,270.6513331723135,168.71607711023776,3.375,6.0,7.375
22.67774680668887,1014.6800713763437,33.99916566875607,0.0,30.506742098323798,271.4428684003154,168.74939172749401,2.9583333333333335,6.208333333333333,6.166666666666667
22.579197959519306,1014.6844434588016,34.047899904378745,0.0,30.516853932584265,271.8785982478099,168.85183105621073,3.7916666666666665,6.416666666666667,7.5
22.47170280606106,1014.6845309567407,34.137103338279026,0.0,30.52192407170362,272.97371714643316,168.81751824817528,4.666666666666667,7.416666666666667,8.25
22.57842979740597,1014.6672869537912,33.97659799796278,0.0,30.567555323777764,273.854522454143,168.81751824817528,3.2916666666666665,7.416666666666667,7.416666666666667
22.517978856592464,1014.672830877487,34.02437646835288,0.0,30.59797615849386,273.41176470588243,168.88614386424615,3.6666666666666665,7.166666666666667,7.5
22.596348294888656,1014.6671061426217,33.877869775537185,0.0,30.638537271448666,272.68168544013366,168.88664295963574,3.75,6.916666666666667,7.958333333333333
22.715444548834824,1014.6619501286899,33.67354947549848,0.0,30.674128219858293,273.41176470588243,169.26358475263592,3.125,6.625,7.666666666666667
22.626420473211898,1014.6470558730413,33.7165662546783,0.0,30.724972431872057,273.70693653805614,169.46946160084852,2.6666666666666665,5.291666666666667,6.583333333333333
22.76221894188215,1014.6431202603059,33.602763422615,0.0,30.740225695476184,274.5924520345773,169.12633352049417,3.5416666666666665,6.291666666666667,6.791666666666667
22.446477074413778,1014.6071486445,33.87001777932945,0.0,30.760563380281685,275.10900274088135,168.78345498783463,3.7916666666666665,6.291666666666667,6.75
22.60097530656436,1014.5859361811641,33.67559744857704,0.0,30.86253865458856,275.5557492976848,169.60671283299024,3.8333333333333335,6.375,6.708333333333333
22.480627444880856,1014.5679790905347,33.753964068685114,0.0,30.882933709449933,275.5557492976848,169.64102564102566,2.7083333333333335,6.125,6.291666666666667
22.697849913921925,1014.5838724823503,33.46126995347658,0.041666666666666664,30.882933709449933,276.6000193742131,169.67559074912018,3.625,5.75,7.583333333333333
22.41265906617241,1014.5668527880235,33.80344400603961,0.0,30.94429171348203,276.376247214957,170.2296500578376,3.9166666666666665,6.0,7.625
22.32839772720487,1014.5715778993954,34.01255921669884,0.0,30.964744381492732,276.227065775453,169.60671283299024,3.1666666666666665,6.291666666666667,7.25
22.49211640357292,1014.5513723145999,33.82243593995955,0.041666666666666664,30.964744381492732,266.24475340663776,168.99057957452123,3.1666666666666665,5.875,6.291666666666667
22.612894493369158,1014.5418209290318,33.68647953162189,0.0,31.00564971751413,260.65487820923795,168.10243661624182,3.0416666666666665,5.958333333333333,7.25
22.33109000177262,1014.5477694501875,33.96800487130678,0.0,31.00564971751415,258.2220206532721,167.71770636420925,3.217391304347826,7.0,8.043478260869565
22.338828582581332,1014.5580064874563,34.009712748651935,0.0,31.036415505957383,258.5550163316662,167.7632850241546,3.75,7.25,7.5
22.55771901408325,1014.5676123558111,33.661335206488864,0.0,31.11845760847272,260.17021008773594,168.03406326034067,4.166666666666667,5.458333333333333,6.041666666666667
22.491087241872226,1014.5627975351377,33.74225908423853,0.0,31.13899718583757,261.2571959730766,168.40875912408765,3.7916666666666665,6.75,7.333333333333333
22.582194630899608,1014.561988691277,33.59837052565026,0.0,31.2366981740667,264.2099525043179,168.92045667228157,3.0,6.333333333333333,7.458333333333333
22.7459294217936,1014.5629496873753,33.37742242683496,0.0,31.236698174066703,265.18328243164643,168.85183105621073,3.0416666666666665,4.583333333333333,5.0
22.807423496573136,1014.5771125523838,33.22709849984676,0.0,31.22127170224105,264.4220865969035,168.13625304136258,3.3333333333333335,6.041666666666667,6.833333333333333
22.853798151719854,1014.5763018448056,33.16072580077006,0.0,31.267594880758647,262.6953936047869,168.68126520681275,3.5416666666666665,6.708333333333333,7.125
22.77296098373228,1014.5624264484168,33.1752178136735,0.0,31.267594880758647,262.9653330484484,168.03406326034067,3.8333333333333335,6.5,7.458333333333333
22.50483423018493,1014.5429225203661,33.480657779255125,0.0,31.277908370669508,264.97476353886924,168.27250608272513,3.625,5.875,6.333333333333333
22.486474337532655,1014.5309734242122,33.48619041760286,0.0,31.375886524822693,265.95317044793495,168.68126520681275,3.0,5.166666666666667,6.375
22.779871559006565,1014.5487164956386,33.12477743890508,0.0,31.375886524822693,266.51308900523566,168.88614386424615,2.7916666666666665,6.166666666666667,7.083333333333333
22.614038741825397,1014.545387298131,33.29135178295804,0.0,31.427600472813243,267.3618076605126,169.12633352049417,2.25,5.25,6.0
22.412805675929842,1014.5605584689501,33.59474366839503,0.0,31.47414302600473,267.29108110590613,169.29789756067134,3.3333333333333335,5.791666666666667,6.083333333333333
22.36093535332837,1014.5658634788788,33.751578597753536,0.0,31.44828605200946,260.340569604288,168.0701012024402,3.9166666666666665,6.041666666666667,7.166666666666667
22.352146541049013,1014.5744376703533,33.825689286554734,0.0,31.494828605200947,262.8282321101082,168.51094890510956,4.041666666666667,6.583333333333333,7.083333333333333
22.23076230270337,1014.5808407008648,33.96659442779976,0.041666666666666664,31.48965721040189,263.5173071387451,168.34063260340642,3.6666666666666665,6.875,7.875
22.508390880963443,1014.5732428050347,33.61967075169662,0.0,31.5,264.8333333333335,168.1362530413626,3.375,6.458333333333333,6.75
22.71547057916818,1014.5920176848031,33.309790630379744,0.0,31.5,264.90332315299605,168.06812652068132,4.083333333333333,7.25,7.75
22.73136088587536,1014.596704220629,33.25405541443009,0.0,31.58816382171645,265.60322134962195,168.51094890510956,3.6666666666666665,6.958333333333333,7.333333333333333
22.325537493408977,1014.5883073505535,33.801937182031025,0.0,31.5622332859175,266.1631399069227,168.10218978102196,3.25,6.75,7.458333333333333
22.072604083177367,1014.5820119409736,34.16153372634893,0.0,31.61409435751541,266.938185067818,168.6472019464721,3.5833333333333335,6.125,7.0
22.19603889993198,1014.5881328707115,33.92863560356624,0.0,31.640069219016585,267.9983466519703,168.7153284671534,3.8333333333333335,5.708333333333333,6.333333333333333
22.194463378120318,1014.5864061628878,33.92784821323789,0.0,31.692078042955234,268.42569969620587,168.68126520681275,3.5,5.333333333333333,7.083333333333333
22.232494944338374,1014.5828988008742,33.925567282062126,0.0,31.74928774928775,268.7823261858351,168.85183105621073,3.4583333333333335,6.5,7.0
22.1159191790631,1014.581016335775,34.04248205304547,0.0,31.74928774928775,268.567901234568,169.26358475263592,3.0,5.791666666666667,6.166666666666667
21.98129202422689,1014.5880674058191,34.2394062288303,0.0,31.744086866893884,268.49642625081225,168.68126520681275,3.7083333333333335,6.291666666666667,7.083333333333333
22.059729078593374,1014.590453339914,34.13600230485428,0.0,31.79101351616806,269.13970110461355,168.61413687691066,2.875,5.333333333333333,7.208333333333333
22.303354908199527,1014.582000414473,33.808484931281725,0.0,31.843170724768445,269.78297595841474,169.19495913656505,3.1666666666666665,6.25,7.708333333333333
22.28675991806732,1014.5682462899309,33.785360550267534,0.0,31.874465049928677,244.22913333337056,167.06606571461012,3.5,6.5,7.041666666666667
22.03666472897938,1014.5585909962557,34.134788944728,0.0,31.879695672848317,243.37011590385922,165.9831857006939,3.375,5.416666666666667,6.041666666666667
22.34536894153455,1014.5583902853347,33.69107002980966,0.0,31.952924393723254,252.2056793306522,167.35748792270533,3.5,6.375,6.458333333333333
22.475084285566226,1014.5715298816516,33.65321544055925,0.0,31.879695672848317,254.53469729096796,167.256038647343,3.2083333333333335,5.5,5.875
22.366585333880735,1014.5809784453405,33.689554106253716,0.0,31.937232524964344,256.7595144092607,167.32367149758457,3.5833333333333335,5.458333333333333,5.416666666666667
22.132066820657993,1014.5733345632326,34.04256300202092,0.0,31.952924393723254,257.555189874987,167.256038647343,3.125,5.833333333333333,5.875
22.208169880134847,1014.5854831211682,33.93891171414588,0.0,32.02622794468289,260.168825447176,168.03431009556053,3.625,5.583333333333333,5.875
22.072053000276288,1014.5825967169144,34.060910068592314,0.0,32.010491177873156,260.44090731719604,167.76377869459438,3.0416666666666665,5.583333333333333,6.208333333333333
22.011707594434313,1014.5720093128031,34.20012557299331,0.0,32.09442060085838,262.4169292950876,168.20437956204384,3.9583333333333335,5.75,6.25
22.183688418905263,1014.5630807069751,33.922050931528275,0.0,32.141675992309935,263.5173071387451,168.81751824817528,3.6666666666666665,6.041666666666667,6.958333333333333
22.004972407869655,1014.5436624631725,34.135061902720366,0.0,32.15219723086467,263.3794921330177,168.81751824817528,3.5833333333333335,6.0,6.666666666666667
22.027907956158888,1014.526783360799,34.0669528270007,0.0,32.220585281470456,264.8347838995441,168.98908228835245,2.9166666666666665,5.208333333333333,6.583333333333333
22.29512465016191,1014.5153035792655,33.77223882045748,0.0,32.262700425757,265.253272251309,169.74522556542738,2.7916666666666665,5.625,5.791666666666667
22.00882325338721,1014.5081559576702,34.105605347946636,0.0,32.27325185437932,265.18328243164643,169.57264957264962,3.625,5.833333333333333,5.791666666666667
22.262941846709953,1014.5138273249012,33.70341708919875,0.0,32.33656042611327,265.4632417102968,169.57265232501388,2.6666666666666665,5.375,5.791666666666667
22.491994618648917,1014.5114475131995,33.3843349747549,0.0,32.373490426291426,266.30311954624784,169.57240002495482,3.5,6.0,6.166666666666667
22.479896131816744,1014.5039514870147,33.39399949013218,0.0,32.31018185455746,266.4430991855731,169.05770790442332,3.1666666666666665,6.458333333333333,7.083333333333333
22.28823200245968,1014.5108754761455,33.72253078430095,0.0,32.34183614042444,266.7252686690549,168.88614386424615,2.5,5.666666666666667,6.166666666666667
21.91266210571366,1014.4980507531332,34.17501627932483,0.0,32.26797614006816,266.51308900523566,168.2384428223845,3.0833333333333335,6.541666666666667,6.416666666666667
21.467589979312965,1014.5132262147748,34.79931371895149,0.0,32.304906140246295,267.432534215119,168.57932497348563,3.625,5.833333333333333,6.791666666666667
21.426943396274453,1014.5092850267257,34.953115932799626,0.041666666666666664,32.32600899749095,265.9698316408955,168.7153284671534,3.9583333333333335,6.5,8.208333333333334
21.998288192239887,1014.493401722442,34.2460333668734,0.0,32.47400187997824,250.96114047804963,167.9693870861262,3.5,5.625,5.75
21.807677342346995,1014.4995356147512,34.51582905669333,0.0,32.44225663351968,244.13678051019758,166.3493407440113,3.1666666666666665,5.875,6.875
21.62413629960297,1014.5072257559663,34.75573655749529,0.0,32.46342013115872,247.38875165407012,166.5169605329706,2.9583333333333335,6.333333333333333,6.875
21.45904672167425,1014.504047355375,35.0250216515549,0.0,32.47929275438799,247.44950316532672,166.48338826976405,3.0,5.291666666666667,5.583333333333333
21.85924312455752,1014.5080262255489,34.532781973483935,0.0,32.52166542627967,249.0769256030081,167.1548335338949,3.4166666666666665,6.708333333333333,7.208333333333333
22.225719425156186,1014.5059198809604,34.08412353734679,0.0,32.51105322638441,250.2780158612877,167.12126127068836,3.5416666666666665,5.958333333333333,6.125
22.088781071856626,1014.5054122102589,34.140887129827284,0.0,32.532277626174924,250.53150912106148,166.88625542824258,3.2083333333333335,6.333333333333333,6.875
22.02324474787046,1014.5133625503182,33.972891553012595,0.0,32.6224813252846,250.85074626865685,166.95339995465568,3.125,6.166666666666667,6.958333333333333
22.04314757261369,1014.5247962159343,33.98093595221048,0.0,32.63309352517986,252.06448911222796,167.18840579710147,3.3333333333333335,5.041666666666667,5.791666666666667
22.42885293029239,1014.5362717608281,33.46167131458245,0.0,32.63309352517986,253.54773869346732,167.18840579710147,3.625,6.583333333333333,6.666666666666667
22.150737426646327,1014.5283550303247,33.85021917367907,0.0,32.654379090387636,254.19914386748562,167.18840579710147,3.25,6.125,7.0
21.841058653597884,1014.5166695478614,34.206448866950936,0.0,32.665021872991524,255.11177243616092,167.18840579710147,3.3333333333333335,6.208333333333333,6.625
22.2521083910041,1014.5281669576306,33.74450790879009,0.0,32.77149577168237,256.2968871699837,167.79784195493497,4.0,5.833333333333333,5.875
22.308638076858745,1014.53720995277,33.514830862414755,0.0,32.78215391183691,258.8236366002864,168.06812652068132,3.0833333333333335,5.458333333333333,5.666666666666667
22.285720934834618,1014.5497900230647,33.37703834368251,0.0,32.798164158394705,259.3601953601954,168.03406326034067,3.3333333333333335,6.458333333333333,7.0
22.349092833668408,1014.5508623470799,33.16346318101196,0.0,32.771480414131716,260.78293505840116,167.9323671497585,3.2083333333333335,5.416666666666667,6.083333333333333
22.275553637070164,1014.5747053914906,33.14355352233819,0.0,32.8355214003629,261.7999750725567,168.06837335590117,2.75,5.416666666666667,5.833333333333333
22.081528113102518,1014.5905947682023,33.37235950199112,0.041666666666666664,32.8248479026577,262.27982835674743,168.00000000000006,2.75,5.041666666666667,5.458333333333333
22.20816064206437,1014.6083314825461,33.42015803044271,0.0,32.88888888888889,262.07417694923714,168.23844282238448,2.75,6.0,6.75
22.035760723062122,1014.6144957682876,33.58995327421852,0.0,32.88888888888889,263.4480426021878,168.34063260340642,3.2083333333333335,6.458333333333333,7.083333333333333
22.20580595513923,1014.6157218874228,33.323292904954776,0.0,32.93170627274674,264.2099525043179,168.23844282238448,2.7916666666666665,5.541666666666667,5.833333333333333
21.989765151716085,1014.6276189788119,33.4189482205494,0.0,32.9584671376579,264.7640687967762,168.61313868613146,3.3333333333333335,5.708333333333333,5.958333333333333
22.050431785437183,1014.6343724902059,33.39607515631445,0.0,33.01734104046243,262.9667611832228,168.61313868613146,3.4583333333333335,5.291666666666667,5.375
22.239601060239213,1014.6438385481133,33.21139596239563,0.0,33.01734104046243,255.66063596467689,167.62801932367154,4.0,6.458333333333333,6.416666666666667
21.81484385437547,1014.6689514686213,33.75031613959106,0.0,33.00663669449797,244.9342421072209,165.98366875484078,3.5416666666666665,5.583333333333333,6.375
22.02209423879812,1014.6741287721183,33.62866242980368,0.0,33.028076368614926,246.5198029870766,165.8827104381477,3.1666666666666665,4.958333333333333,5.541666666666667
22.027582015128925,1014.6630164185523,33.5872439877925,0.0,33.10859132975862,246.39524966695467,166.14983678429417,3.0,4.875,5.416666666666667
21.982330366473718,1014.6696985734316,33.573067364957446,0.0,33.1300619860636,246.5805724588687,166.1160255910795,3.0,5.958333333333333,6.583333333333333
21.857440194407776,1014.6747913623345,33.69862455056538,0.0,33.14616497829234,249.39611603980788,166.4498160065575,3.5,6.5,6.958333333333333
21.73273522832959,1014.6988777069919,33.88277883010693,0.0,33.14616497829234,249.45621726351746,166.78553863862294,2.75,5.083333333333333,6.375
22.070615650943797,1014.7099996964181,33.486362146120314,0.041666666666666664,33.24306298370352,250.40571072032586,167.12126127068836,3.0416666666666665,4.875,5.0
22.0894357878036,1014.7329354278153,33.52978873497789,0.0,33.23767976118068,250.97844112769496,167.18840579710147,2.6666666666666665,5.916666666666667,7.375
21.710935215589544,1014.7497726968794,33.98905016274953,0.0,33.25921265127205,251.10613598673308,167.18840579710147,3.8333333333333335,6.708333333333333,7.458333333333333
21.789854601494056,1014.7692585953246,33.80057526367029,0.0,33.26997909631774,252.83900014167025,167.22222222222223,3.3333333333333335,7.458333333333333,7.416666666666667
22.071745506814437,1014.7516167914383,33.407242335397115,0.0,33.28616001626667,252.77386934673373,167.56038647343,3.4166666666666665,6.833333333333333,7.125
22.1011282814198,1014.7424506604754,33.28947474489909,0.0,33.28616001626666,254.00372231528013,167.18840579710147,3.125,6.041666666666667,6.0
22.091590371387593,1014.7411192648864,33.19344109528087,0.0,33.275362318840585,254.91568955890568,167.1548335338949,2.4583333333333335,4.708333333333333,5.083333333333333
21.922319938132564,1014.771327921446,33.51388554147824,0.0,33.36174389824924,255.17691295356272,167.256038647343,2.8333333333333335,4.333333333333333,4.75
21.933757774898567,1014.760895367827,33.466356161637556,0.0,33.404934687953556,255.83493137807866,167.83116203631042,3.0833333333333335,5.916666666666667,5.916666666666667
22.041019385225763,1014.7559603912274,33.32709455034452,0.0,33.404934687953556,255.7033276931755,167.35748792270533,3.25,6.125,6.541666666666667
22.11204192562256,1014.7445691955294,33.174388973539216,0.0,33.404934687953556,257.08919506889066,167.35748792270533,3.25,5.916666666666667,6.416666666666667
22.050539862848325,1014.7537937038975,33.348543336937496,0.0,33.404934687953556,254.98938762245152,167.39130434782612,2.875,6.083333333333333,5.916666666666667
22.0751501612498,1014.7589599795491,33.34075259166651,0.0,33.43200740315703,254.39521682486512,167.28985507246378,3.125,5.583333333333333,6.416666666666667
21.880710100343055,1014.7834604765889,33.495683310423786,0.0,33.4699092044419,254.069514237856,167.256038647343,3.25,5.875,6.25
21.782736439605234,1014.770473106962,33.69162359666184,0.0,33.52946917788954,254.8518716916034,167.6956521739131,3.2083333333333335,5.958333333333333,6.25
21.807648098556786,1014.7740932191169,33.673133920595056,0.0,33.53488372093023,255.3091779635157,167.89855072463774,3.5,6.333333333333333,6.333333333333333
21.985392832648795,1014.7753525479211,33.38235880111268,0.0,33.545744332735296,256.2297424327882,168.03406326034067,3.375,5.083333333333333,5.0
21.986088181790706,1014.7764349100144,33.39595957522204,0.0,33.62176861537073,257.28861493836126,168.57907542579085,3.5833333333333335,5.75,6.25
21.846686410889998,1014.7746805817818,33.43309835625502,0.0,33.63262922717579,257.62098138747905,168.06812652068132,3.875,6.333333333333333,6.625
21.591554398790198,1014.7670943502497,33.86324298757265,0.0,33.53488372093023,257.28861493836126,168.00000000000006,3.875,5.75,5.708333333333333
21.660489916500097,1014.7753116681652,33.707734015013465,0.0,33.63805953307833,258.4871794871796,168.23844282238448,3.4166666666666665,6.125,6.5
21.881499133825013,1014.7897871691044,33.39803171178025,0.0,33.66521106259098,259.62881562881563,168.34063260340642,3.125,5.875,6.416666666666667
21.817437943250983,1014.807763596181,33.39621603157921,0.0,33.66521106259098,258.82295482295496,168.06812652068132,2.5416666666666665,4.625,4.625
21.788245380850714,1014.8092618284574,33.49060789270134,0.0,33.7087801641763,256.69169822469325,168.06812652068132,2.7916666666666665,5.0,4.958333333333333
21.751315187839577,1014.802886208658,33.52846121046482,0.0,33.74690312806346,256.4936212499665,168.00000000000006,3.0416666666666665,5.166666666666667,5.25
21.6616500507843,1014.7991909524361,33.63815355797288,0.0,33.76324154115795,256.69035532994934,167.89855072463772,4.125,6.25,6.583333333333333
21.819834918564425,1014.8041531573773,33.453641298310515,0.0,33.80138040617707,257.28861493836126,168.00000000000006,2.9583333333333335,5.666666666666667,5.666666666666667
21.754643893364015,1014.805393339851,33.42382140669201,0.0,33.910621182779686,258.28639606304597,168.68126520681275,3.5416666666666665,7.125,7.5
21.58363492575433,1014.8083400055339,33.59930335545592,0.0,33.888773027459166,259.0244200244201,168.61313868613146,3.25,5.833333333333333,6.5
21.72084901784521,1014.8351547126846,33.42883381807037,0.0,33.92700729927008,259.15873015873024,168.5450121654502,3.2083333333333335,6.375,7.375
21.786030505450594,1014.8328883061191,33.27443792473966,0.0,33.954397347789595,260.03382299258595,168.8520806039055,3.2916666666666665,6.083333333333333,6.666666666666667
21.714318585870117,1014.832029261147,33.304081064959696,0.0,33.954397347789595,260.64375715922114,168.98908228835245,2.625,5.958333333333333,6.083333333333333
21.766077556031963,1014.8247445960366,33.17690484571542,0.0,33.9598753574935,261.73142460338664,168.81776779587008,2.8333333333333335,6.5,7.25
21.678034854337806,1014.82085716439,33.25036217533211,0.0,34.03108948364424,261.8685255417268,168.17031630170322,2.9166666666666665,5.833333333333333,6.166666666666667
21.63522151442781,1014.8178507392137,33.2449343128228,0.0,34.05847953216375,261.93707601089693,168.61313868613146,2.9166666666666665,4.666666666666667,6.041666666666667
21.642914100628037,1014.8115659469235,33.22441553801028,0.0,34.05847953216375,261.7999750725567,168.81751824817528,3.125,4.875,5.458333333333333
21.51995762813354,1014.8057309398046,33.308220543327685,0.0,34.11342003944301,261.3222310335713,168.78370453552944,3.625,6.708333333333333,7.208333333333333
21.59489626784244,1014.8201736848647,33.18654712118527,0.0,34.173854597450195,258.9606738439226,168.92045667228157,2.875,5.833333333333333,6.791666666666667
21.60036511164428,1014.8193044130163,33.15435959318461,0.0,34.19033674963397,256.95759138398745,168.81751824817528,3.1666666666666665,5.041666666666667,5.541666666666667
21.725736649678595,1014.830083201542,33.030278505712296,0.0,34.19033674963397,255.96653506298185,168.06837335590117,3.25,5.5,6.0
21.608870434305107,1014.8226101824994,33.12904164942319,0.0,34.19033674963397,256.4929498025945,168.00000000000006,3.1666666666666665,5.5,5.666666666666667
21.736729023613748,1014.8396915021063,32.87027148442946,0.0,34.19033674963397,257.6216631648105,168.03406326034067,3.5833333333333335,5.833333333333333,6.5
21.789470581685702,1014.8414163140509,32.83457784828724,0.0,34.26196885971127,258.42002442002456,168.5450121654502,3.0833333333333335,5.708333333333333,6.416666666666667
21.782774340662566,1014.8581209783101,32.88806157207504,0.0,34.28400950896582,259.29373261332034,168.61313868613146,2.9583333333333335,5.333333333333333,5.708333333333333
21.685761303834187,1014.8638118760726,32.88036927265697,0.0,34.322580645161295,259.83028083028086,168.85183105621073,3.4583333333333335,5.875,6.375
21.646383816567408,1014.8732801787097,32.92895337144798,0.0,34.328106990036794,259.8974358974359,169.05770790442332,3.3333333333333335,5.708333333333333,6.583333333333333
21.5305411296777,1014.8756831905717,33.031804898502834,0.0,34.322580645161295,260.57590977178614,169.05770790442332,3.125,5.875,6.75
21.625941166691053,1014.8927980482428,32.863300587452606,0.0,34.35021236953879,261.1872285789812,169.02339509638787,3.25,5.166666666666667,5.083333333333333
21.727952873372246,1014.9056134938431,32.70639735119834,0.0,34.36679140416528,261.59432366504643,168.68126520681275,3.7083333333333335,5.375,5.625
21.560754545564052,1014.907139740972,32.907223466078875,0.0,34.37784409391629,261.52577319587635,168.5450121654502,3.5416666666666665,5.833333333333333,6.208333333333333
21.562156617249546,1014.8978797147765,32.90710172604537,0.0,34.438633887546764,261.7999750725567,168.78345498783463,2.7916666666666665,5.208333333333333,5.208333333333333
21.639646466753977,1014.8927324132868,32.74224033487919,0.0,34.46075552100428,262.07417694923714,168.95476948031703,3.375,6.0,6.791666666666667
21.503880928082157,1014.866443571503,32.875488304303865,0.0,34.46075552100428,262.2112778875773,168.95476948031703,3.4583333333333335,6.416666666666667,7.208333333333333
21.54149082500469,1014.8687546751636,32.85088158036004,0.0,34.45521292217327,263.10386212156294,169.16064632852962,2.9583333333333335,5.875,7.208333333333333
21.546267925030282,1014.8575670627397,32.85563735821886,0.041666666666666664,34.494011113990375,263.58657167530237,169.05770790442332,3.2916666666666665,7.0,7.041666666666667
21.496562686613768,1014.8694408535947,32.934556058506125,0.0,34.588235294117645,264.4177461139898,169.67609534923835,2.9166666666666665,6.208333333333333,6.458333333333333
21.41539740946821,1014.8881632115513,33.052229344819146,0.0,34.588235294117645,263.7943652849742,169.67559074912018,2.8333333333333335,5.458333333333333,5.5
21.532755524237203,1014.8745568733066,32.86559850636929,0.0,34.588235294117645,264.3484815774325,169.53808721691937,3.4166666666666665,6.25,6.625
21.474654440593955,1014.8947898187076,32.82279143948164,0.0,34.62714776632303,264.7640687967762,169.57340922519117,3.4166666666666665,5.25,6.0
21.346661973505547,1014.8891713652929,33.035657760566785,0.0,34.6660602385284,264.6948042602189,169.67609534923835,3.125,6.0,5.958333333333333
21.406117837247237,1014.8721738282431,33.096236951785215,0.0,34.66364331478894,265.05243189923385,169.57046938102448,2.8260869565217392,7.695652173913044,7.6521739130434785
21.434420947869057,1014.8728484016619,33.112293054684216,0.0,34.71053163533455,264.7640687967762,169.64102564102566,3.1666666666666665,5.291666666666667,6.0
21.472147895557644,1014.8844470191266,33.148827029247705,0.0,34.71609055993532,264.6948042602189,169.22927194460047,3.0416666666666665,5.333333333333333,5.375
21.514209565010407,1014.8927245383142,33.053131149265596,0.0,34.72164948453609,265.04330279232124,169.40108553247242,2.9583333333333335,5.791666666666667,5.875
21.520388135373338,1014.8988226787914,33.0121896625686,0.0,34.72164948453609,266.3031195462479,169.64102564102566,2.75,5.5,5.75
21.59915953519162,1014.8793375726694,32.9018048568594,0.0,34.743950774969846,266.4430991855731,169.60671283299024,3.25,5.166666666666667,5.708333333333333
21.494477368376295,1014.8792934120642,33.014566642587766,0.0,34.82758061409645,266.4430991855731,169.64102564102566,3.4583333333333335,6.166666666666667,6.041666666666667
21.36555489846113,1014.8693688525524,33.19613999604184,0.0,34.81085464627113,265.8831806282723,169.5726523250139,2.625,5.333333333333333,5.833333333333333
21.458499724016047,1014.8673775218176,33.07325318419965,0.0,34.84988190453021,266.37310936591047,169.64102564102566,3.7083333333333335,6.0,6.375
21.463803540987644,1014.8668885307119,32.97381134987484,0.0,34.84988190453021,266.2331297265853,169.95211161387635,2.625,4.75,4.875
21.499835365131563,1014.8620421588121,32.93771382559782,0.0,34.89459978010455,266.5838155598421,170.12493715434894,3.0416666666666665,6.041666666666667,6.666666666666667
21.486074624301327,1014.8608524578159,32.921737414077846,0.0,34.866640813700336,265.81319080860976,169.81385118149828,3.0,5.75,5.625
21.276261871735894,1014.8613052852426,33.166058209521296,0.0,34.92815053978961,265.60322134962195,170.0558069381599,2.8333333333333335,5.416666666666667,6.25
21.289674950969324,1014.8577193464562,33.12399034682357,0.0,34.98406847259804,265.81319080860976,170.12493715434894,3.2916666666666665,6.583333333333333,6.958333333333333
21.387724528412082,1014.8529236571018,33.18499823763066,0.0,34.98966026587888,265.60322134962195,170.22863247863248,3.25,5.958333333333333,6.0
21.120679317817924,1014.8525561766616,33.4523444751926,0.0,34.9784766793172,265.3232620709716,169.60671283299024,3.1666666666666665,5.333333333333333,5.208333333333333
21.14789827744652,1014.861406547729,33.412175963080365,0.0,35.00648527702272,266.1631399069227,169.67559074912018,2.8333333333333335,5.541666666666667,5.583333333333333
21.440673190388377,1014.8774409027652,33.02438971482828,0.0,35.10743534388575,266.51382574017947,170.33232780291607,2.9166666666666665,5.708333333333333,5.75
21.372337746492253,1014.886668349466,33.023801489267704,0.0,35.118652017981645,266.51308900523566,170.50540843643734,2.9166666666666665,5.708333333333333,6.625
21.231295457597984,1014.8896280494233,33.28892256000838,0.041666666666666664,35.11304368093369,266.51308900523566,170.29776269482156,2.9583333333333335,5.0,5.541666666666667
21.206073314502294,1014.9023095111628,33.295039935128166,0.0,35.1467601724012,266.5838155598421,170.40171311215377,3.5833333333333335,6.25,6.75
21.211647649050757,1014.9095206320435,33.28751922644561,0.0,35.19738476148733,266.51382574017947,170.50566352948601,3.2083333333333335,5.833333333333333,5.875
21.243102085729294,1014.9281204993496,33.23774647381526,0.0,35.23675944188765,265.60322134962195,170.36714521106967,3.375,6.0,6.625
21.217984432884496,1014.9352223964565,33.19528501308102,0.0,35.25925925925926,263.65727556235214,170.29776269482156,3.25,6.333333333333333,6.708333333333333
21.242647627303494,1014.9402455167354,33.19983167589684,0.0,35.25363430491635,262.2112778875773,169.8484162895928,3.6666666666666665,6.458333333333333,6.458333333333333
21.44305726629979,1014.9521699693909,32.81546788883981,0.0,35.25925925925926,260.9829940963962,169.67559074912018,3.625,6.625,6.916666666666667
21.65109197912747,1014.932104481677,32.60621852301182,0.0,35.24238439623055,259.4951978147855,169.33221036870677,3.0,5.458333333333333,5.5
21.388884001897566,1014.9369945656473,32.897872538053925,0.0,35.25363430491635,259.4945054945055,168.95476948031703,2.5416666666666665,5.125,5.125
21.43607397231122,1014.930925501348,32.84442985825621,0.0,35.30439242407591,259.49518727183704,168.85183105621073,2.7916666666666665,4.666666666666667,4.958333333333333
21.38426649084397,1014.9440300414361,33.03856280790284,0.0,35.27618419606551,257.09797553452387,168.57932497348563,3.375,8.166666666666666,8.5
21.186589492246842,1014.9456738653056,33.30237556419058,0.0,35.33260065208631,256.6252249348697,168.68151475450756,3.6666666666666665,6.25,6.125
21.104070929746683,1014.9620100726698,33.46424798781005,0.0,35.37773381690297,256.427147960143,168.98908228835245,2.8333333333333335,5.208333333333333,6.0
21.17262615311662,1014.9492800746884,33.342180277500844,0.0,35.39465875370921,256.62455348749774,168.92070621997638,2.6666666666666665,5.416666666666667,5.458333333333333
21.125896341309772,1014.9495410833724,33.37258487413533,0.0,35.39465875370921,256.69102677732127,168.85183105621073,3.0833333333333335,6.458333333333333,7.291666666666667
20.991704151565965,1014.9564455843888,33.48344242465988,0.0,35.40597557623938,257.4222432953399,169.09202071245875,3.0,5.416666666666667,5.791666666666667
21.19566100282045,1014.9425955937714,33.352243832170416,0.0,35.46255968889026,259.360877137527,169.7104081572738,3.4583333333333335,6.958333333333333,7.25
20.87261433645111,1014.9319169735327,33.620498041647124,0.0,35.46255968889026,260.03313067230596,169.71015585721472,2.9583333333333335,6.416666666666667,6.583333333333333
21.066271428404864,1014.9357742246333,33.454080541219014,0.0,35.51348539027605,260.8472993215262,170.0558069381599,2.2916666666666665,4.5,5.0
21.35707087456144,1014.9318822063489,33.06235358182713,0.0,35.547486379395735,261.3900784210063,170.29776269482156,2.9583333333333335,5.708333333333333,7.0
21.49121958595173,1014.9357732088223,32.87053674247847,0.0,35.54181112762093,262.4169292950876,170.47058823529414,3.0833333333333335,5.875,6.958333333333333
21.428351329415932,1014.9212010011328,32.900109712602564,0.0,35.564512134720154,262.9653330484484,170.47058823529414,3.1666666666666665,5.75,6.291666666666667
21.534024541591208,1014.9047380816373,32.66200597387857,0.0,35.63829040779263,263.17098445595866,170.54022863758053,3.0,5.541666666666667,6.208333333333333
21.520734787185244,1014.8771922815713,32.68215840349317,0.0,35.64964091134225,263.17098445595866,170.4014580191051,3.5833333333333335,5.958333333333333,5.791666666666667
21.554859891093184,1014.8607508398894,32.66090349593275,0.0,35.66099141489186,264.3484815774325,170.47058823529414,2.8333333333333335,3.9583333333333335,3.875
21.49267698095662,1014.8584503309526,32.68244193914486,0.0,35.666666666666664,264.7640687967762,170.47058823529414,2.5,4.75,4.791666666666667
21.63558586118531,1014.8554315678142,32.539018767706345,0.0,35.666666666666664,264.9733129726587,170.22863247863248,2.5416666666666665,5.041666666666667,5.666666666666667
21.511442324055583,1014.8588372798562,32.57166231114386,0.0,35.666666666666664,264.9733129726587,170.43602312719963,2.7083333333333335,5.0,6.083333333333333
21.304536123169814,1014.8593301352445,32.755912615790706,0.0,35.666666666666664,266.0931500872601,170.43602312719963,3.4583333333333335,5.541666666666667,5.791666666666667
21.312291031208236,1014.8712400054477,32.780422684381485,0.0,35.797586520947185,266.51308900523566,171.06253165472833,3.0416666666666665,5.5,5.791666666666667
21.313852372663504,1014.873459129878,32.82458032499737,0.0,35.80327868852459,266.51308900523566,171.27145286158748,3.3333333333333335,6.333333333333333,6.833333333333333
21.325538461303857,1014.8835161784615,32.87216784958074,0.0,35.80327868852459,266.51308900523566,170.78397004558283,3.0416666666666665,5.5,5.958333333333333
21.301026339763407,1014.8883839834052,32.82636588364431,0.0,35.80327868852459,266.4430991855731,170.6795094421533,3.0416666666666665,4.375,4.333333333333333
21.04720485741889,1014.9074921337352,33.10910721068466,0.0,35.80327868852459,266.4430991855731,170.47058823529414,3.2916666666666665,5.583333333333333,5.833333333333333
20.99700325546059,1014.9290175516999,33.33129404238941,0.0,35.87178859799364,266.4430991855731,170.50566352948601,2.5,4.208333333333333,5.166666666666667
21.28209706526535,1014.9365692842011,32.89389438939075,0.0,35.94029850746269,266.51308900523566,170.19406737053797,2.375,4.208333333333333,5.041666666666667
21.45628873774859,1014.9365802271991,32.65673162295567,0.0,35.89462523448333,266.4430991855731,169.67609534923835,3.25,5.166666666666667,5.541666666666667
21.70623475138471,1014.9402938619636,31.96210360822756,0.0,35.763433515482696,265.81319080860976,168.17179731302238,3.1666666666666665,5.833333333333333,7.625
21.824012788098813,1014.940995445189,31.786154638287172,0.0,35.65531616311706,264.6955183276061,167.0541167442753,3.3333333333333335,5.166666666666667,5.291666666666667
22.155988927907785,1014.9531858768052,31.201060700712095,0.0,35.666666666666664,264.6955183276061,167.1548335338949,3.1666666666666665,5.541666666666667,5.666666666666667
22.126163948461897,1014.9565969327232,31.173649605078808,0.0,35.57586263826977,264.8333333333335,166.5169605329706,2.5,4.291666666666667,4.291666666666667
22.04580004975851,1014.9596317181116,31.272281482242203,0.0,35.53046062407132,264.8333333333335,166.3160100078782,2.9583333333333335,5.583333333333333,6.416666666666667
22.04655467292341,1014.9613661673084,31.263533480363332,0.0,35.53046062407132,264.8333333333335,166.0493641188133,3.3333333333333335,6.875,7.375
22.10035724836047,1014.9556517376727,31.06557471685529,0.0,35.48519333395061,264.3484815774325,165.35109117007474,2.6666666666666665,4.833333333333333,5.416666666666667
